cookie_name,cookie_value,app_id,platform,category,company
IDE,AHWqTUk19YKY173O0tFA2MQB3E73To3YU779MnwJqUTfwLxzeUW99yr7mZjFODp7vd8,com.IreptioCraftiaCorporation.WolfArmor,android,Marketing,Google
IDE,AHWqTUk31USSxsz1cqQoA3I8u6bBh5dcJxrTPVeDb3fKLDfMiNaJAW76uqjZj5j53nU,de.olympiaverlag.kicker.kickeronline,ios,Marketing,Google
IDE,AHWqTUk3AdUKZOSmWz98ILkIuWD_UfUKXwemkqr-3jNEfU3ndstlmRZUqFKUzmNgRVc,com.photoeditor.photocollage.hdphotoeditor,android,Marketing,Google
IDE,AHWqTUk3ydBjJoCPa4ClBmLZL0CgWsVu2-VK9Wg3a5DaYM7zt08yj2dVqXCFlV_rJQU,com.yapp.voicecameratranslator,android,Marketing,Google
IDE,AHWqTUk5SbPVCyPOT6ZphJiqSfOOJrf8-MdbY-K_WcRZ4rGRRx2VQCbG1bNUFRa_XdM,com.braindom2riddle,ios,Marketing,Google
IDE,AHWqTUk5ZcGoZUIC6bYA1KNgKrLgm2DwdaUIeaWjntDZbVo6Mzres3URcTY9Gti8kcs,com.createlogo.logomaker,android,Marketing,Google
IDE,AHWqTUk6XjCM-N2miVZMuD8mXqEZWNJ43FoXgC6jUtHRyfyWm1af0CblyCtw9K-G08U,com.groupon.grouponapp,ios,Marketing,Google
IDE,AHWqTUk-7OZjDVl2kQbpIjaJdrmrpgfMqHKA6s2eVJN5WZArLJl2xMWkA63TsKL3x-k,com.elokence.akinator.free,ios,Marketing,Google
IDE,AHWqTUkAdPgnYFjw7uF0riJ-SJBcIYKLcbT-fJ9HxVrklVfmcLfZ119kCGFiVxYOLOg,com.mediapro.entertainment.freeringtone,android,Marketing,Google
IDE,AHWqTUkbPy4W43eHpYO3BkB7x8bJ_fX3AdoAXwyvRf59Qu-rt0-URPlvv_bZwB1mMrM,com.mandu.XS,ios,Marketing,Google
IDE,AHWqTUkcbxMTkxBiicfIDT5UO28R6RwXsvFhGx3UuShYWp9qdER6vJ-KI0DBvI62TI8,com.nextepio.thermometre,ios,Marketing,Google
IDE,AHWqTUkDLvk_gvhf5EyaJrlAE2GbCos2mf2tKs8AlHoeMTmdixJNIFA3xcuRlEZNGVA,br.com.rodrigokolb.realguitar,android,Marketing,Google
IDE,AHWqTUkDnyPiYO_nCuFDbsmkSbyAcep_YocLo86Ec9OTG7cGppnTv_OUVgG0w9ldfJQ,com.fragileheart.gpsspeedometer,android,Marketing,Google
IDE,AHWqTUkein-CBV_PyitAa9KIq8iwv-UmScDFbN5Q2QDdVp4aGA8wl26KYu0Jy12_uaE,com.hairclipper.jokeandfunapp21,android,Marketing,Google
IDE,AHWqTUkELjTpnkueDJjxcvBbxlbavmTykefNSyvPWlSMXUXGyikheIuGjlbutQWyk-o,net.faz.einspruch,ios,Marketing,Google
IDE,AHWqTUkEQj5pyC93vt9R6fBLpa7gFtRzbE0eNgNjimXnIipiemr1Jtz3ldKXC59wEus,com.imwallpaper.theme,ios,Marketing,Google
IDE,AHWqTUkfFC3Oi25oTi2Lwl9ckqVfU_BkVuefq1fYsSiS6kQZPVSVeveuCBxPyUe-fAU,com.ibragunduz.applockpro,android,Marketing,Google
IDE,AHWqTUkg2Mj6W18KdU_N0lliE-wfSOCvv3VBo14IjiTXUqUlDPEFyq7tnLEn1gAipkg,com.fancy.nails.manicure.games.PaunenterApps,android,Marketing,Google
IDE,AHWqTUkGmgppovEMc4ElVREdz7e2BbyBlw4xJRZGgtszyAOrtjVfQ-8zYAI5Nre13KU,com.outfit7.talkinggingerfree,android,Marketing,Google
IDE,AHWqTUkGpqqUhfwls-Cp5vQxg3dbLIL72M10T5aRkSNHESByk6JNBnt6dLM2MobYQks,com.cleanmaster.ultra,android,Marketing,Google
IDE,AHWqTUkh907noFOlKhvyWoksCvahxB8iO4DcLZ4Idt6ecsL20e8I4QCp3tqIwrUGuh8,com.matchingham.mylord,android,Marketing,Google
IDE,AHWqTUkhg3RKYs2L_iViglE8ITuMW9JzHa6R08EiC_meSZ6ehcLFrWRDKlYvMdYZkQI,com.studiokevin.emojicamera.sweetemoji3d,android,Marketing,Google
IDE,AHWqTUk_HW3vIK_asoXd4S9UiFNYbY0xuOLwR0safvaUKsZGEA8bi-M1iicVuR6oTKU,com.customsolutions.android.alexa,android,Marketing,Google
IDE,AHWqTUki6yhhNo8UtV2X8StlBpNfTG1UkJdYxBeJlTlyHIMvWrcAYEZplGTPytK5_QM,com.tuanfadbg.controlcenterios,android,Marketing,Google
IDE,AHWqTUkJSruXZ_kaQTSB-zhnEHYvONcFyKN6DB7_-fkbN5EaUy7wT3ol0_6SoRELO84,com.Fashion.Nail.Salon.Game.Manicure.And.Pedicure.App.Vex,android,Marketing,Google
IDE,AHWqTUkJtycvOGYNkK9TbBZJk0Ai-g8FV5bYSkc8RsO0Ceu90UIz1qT7aq6nkk2Yhyg,com.yy.musicfm.global,android,Marketing,Google
IDE,AHWqTUkJuQTue85PyWj1qYlijcV3gW_lITCNegN6jmxES1SDWOsoOOL2KYwRSZohTzw,com.digidust.elokence.akinator.freemium,android,Marketing,Google
IDE,AHWqTUkmK4Sh4mZmk_DKZN9hcVEvTntuKh6-JcgsMwz1L3IyGpXUPRs1RVAUNMXANJo,com.minibuu.princesscomputer,android,Marketing,Google
IDE,AHWqTUkMScDoSEuocen-GuIJRl405Hq4NsjMsJ8hrB-uNDb3cv5Ry_9kgUiT85tp_BE,com.nnm.Train.simulator.Train.Driving.Rail.Train.Game,android,Marketing,Google
IDE,AHWqTUkMX9eQrebMXJyG1urYy_rS0xX_5dvMdPu1rVUe-oxEzTe3IppR8KhRws6o5v8,com.casttotv.screenmirroring.smarttv.castvideo,android,Marketing,Google
IDE,AHWqTUkNHM-PrCyIteCCYDMkYz0t44GgSTF5aeS_VlE4HlnWA5nGehf9VROLxjoMEUU,com.ibragunduz.applockpro,android,Marketing,Google
IDE,AHWqTUkn-rxnfX3ope8efM5GnBE_e7Z_IJGuNyexDfS5ZH7OpgxwtrAYgUh-1XdGImI,weather.radar.live,android,Marketing,Google
IDE,AHWqTUkO1VWeossnYpej0D4IbehtxgZs7j6pqoljiJGG4taTeUMAgfZSPNVhmeMo1yU,com.wallpaperscraft.wallpapers,ios,Marketing,Google
IDE,AHWqTUkoeKlWMw8KIrFhIMPutg4wPG1hLSZWw_tzSftqSN8xut7sL1Q_aJfb_f6baoE,com.casttotv.screenmirroring.smarttv.castvideo,android,Marketing,Google
IDE,AHWqTUkPApDN5JknuTWGLJHiIzGoIQfnkwegSyElCSiq8hqvBvujO-rUUPH72HgiOas,com.music.ops.retroappdownload2,android,Marketing,Google
IDE,AHWqTUkpdJlrAjt_KwNk540_DYscHN38cvY_aM7fQu-yWoavuglOFvKXCrYgzWHsaKg,com.yy.musicfm.global,android,Marketing,Google
IDE,AHWqTUkQL71yFNbQbQ6pefp9yi4rywPFGosI1Iz-kUSyNoJ05TgR_gU7UU0FUhxUsYA,V2,ios,Marketing,Google
IDE,AHWqTUkqw77swrYiVZajnPxE0p8SFEy6qwznjzHL-4xPVXdvMybp9A-iBF93fnDfERQ,com.braindom2riddle,android,Marketing,Google
IDE,AHWqTUkse8tSGwHuKB8o_qdC6rliUfoIMYUPouwZ4mQwhk27OeP9nqZ1T3wGJr-xhR0,com.bestweatherfor.biblia-german,ios,Marketing,Google
IDE,AHWqTUksjBeDBmeDeZkqGt5ewd5NCDT1S9HwupYVkJN84Hzrf-ZeuQX1-Rxf_DvQBfw,com.app.solfeggiomedi,android,Marketing,Google
IDE,AHWqTUksM_LwzgkrhE1CYkAQYw2dT6_sZuJu5gvfHfO_t2WwzrOYReJmzr840KO98-w,com.toucangames.downtown.gangster,android,Marketing,Google
IDE,AHWqTUkVSuhlkIydEb70cS9UiqkM4kP5_JPhL_3ShKBKZhasacb23AQoYZfesOAki24,com.mobasquid.survivalgame,android,Marketing,Google
IDE,AHWqTUkwQ-8eClALFyM9ETjs-gi15snz2y5JjRoL-xavv0lA2iuOfZNzGytfAajYeMI,com.IreptioCraftiaCorporation.WolfArmor,android,Marketing,Google
IDE,AHWqTUkWyf4zENKXioK8w1PLZdkZS3_o7a2vfBHL65N0FfkA0QJ2t56JqpWT9hCYMdI,com.game.SuperMii,android,Marketing,Google
IDE,AHWqTUkYmYaCEqqF8aLCujMgQTya4LidWPBj6INayYxOxdglaFwRBHdnMuPB21bwewE,de.heise.news4,ios,Marketing,Google
IDE,AHWqTUl2j1As1Zek0uJcqu_iTTFBduxFsOQg202caD8WvghlcMAv98SFZpS2uq4nFXw,amoled.wallpaper3d.aesthetic.livewallpaper.parallax.live4k.hd,android,Marketing,Google
IDE,AHWqTUl3FBfWQ_WJpATLIbE7AsZmb5jPOJxR5nReMWT8dH0U0ynxwQbJmUFJvV7bTis,com.MonkeyTaps.Motivation,ios,Marketing,Google
IDE,AHWqTUl5FmI85fOHZ3wXBdZnMH41CqZ9uNW4MDWTH3af2xJk6JbmbgPS5da49riEIvk,www.whimmusic.info,android,Marketing,Google
IDE,AHWqTUl6buHrMFxyObpYqd1BsR6TqWnLYKqGj42wU6h0QvIeHbmFO14Z_puBy_M8Sys,com.hhp.magicEraser,ios,Marketing,Google
IDE,AHWqTUl7hK9DOZ0ftWIJ3QTyyTfSnZuGGakp61EdGEKFAp1XTQIdcz9r57hLvOaAhrc,com.instabridge.android,android,Marketing,Google
IDE,AHWqTUlanbhOh3vEdjfYKn-AWJvuop1phW49GKjhbXyxo0niz92IE7FycQTjqrR4ElM,com.fragileheart.gpsspeedometer,android,Marketing,Google
IDE,AHWqTUlB4mO1YPopBYHYVKnyCzlko-RImsGgs78qAOcTMlxJ83uSl8BnRW14VYfH6yI,com.lyrebirdstudio.facelab,android,Marketing,Google
IDE,AHWqTUlBBOxCLH3H_BRA5QU73lLJgrNXc_x1IzyXnlEgSckx_EKZbkPg2la8uXNdEGQ,de.bfv.ios,ios,Marketing,Google
IDE,AHWqTUldIXVE0An1yT53WcQ-SAD90bYKGmh7cn-nFN5kRWDOER5Ol542oxMFdkJoqRc,com.ibragunduz.applockpro,android,Marketing,Google
IDE,AHWqTUleCmHWQiLKzIy4Gust_KApQH0dWLvBhPPzbWatc0DbZk01nbzUffgWr9YaMlc,music.audioplayer.musicplayer,android,Marketing,Google
IDE,AHWqTUlExgoJNFPUwrPBOuujUJevOfH9NN27l-4U7MkFLj8CWsgzMi-02iaQbZ8eE7c,com.superringtone.funny.collections,android,Marketing,Google
IDE,AHWqTUl_F_1PyODhkR7A7sMsiLa-6YSuHlX6PZ1ClAXMp_c5lZZ8ae4GUYItw2-if2k,com.xatori.plugshare,ios,Marketing,Google
IDE,AHWqTUlfbhjJ9X6dLlHa3-Ru-583TXlWKRfDgCyzv04h_OrXNt3xYXCjnqrlkZM_gCw,icv.resume.curriculumvitae,android,Marketing,Google
IDE,AHWqTUlfCCSWV7ss2JbaptgEKWO8uTAudBF6NQoc7OY61uw3aD9RuC8nynzalBK-,com.anuman.HomeDesign3DFreemiumiPad,ios,Marketing,Google
IDE,AHWqTUlfWFOQgtZJiqERNM94CUj6fCPBksYYy8O7hoQTxC1rXf7wHDybeigC0uaC0t0,de.bfv.ios,ios,Marketing,Google
IDE,AHWqTUlgfB7wedtxoSrNgRqeZ31wPsZiS99c7xMN_XzTxtQMWlvw_rvikbcbQMQF214,com.motorsportmagazin,android,Marketing,Google
IDE,AHWqTUlHtqV2h5FEgwrraxkb4uWyvaxDVMkT3-SkeO4_YW3m5Mho7J5s_-wbi5KKfdw,com.documentreader.documentapp.filereader,android,Marketing,Google
IDE,AHWqTUlHZy0qqi9ZUBMSvb86Jop5Ysb0yUQUMyMMBMPf1yZJHldNI8uaF3gu-PHMkyo,com.gma.water.sort.puzzle,ios,Marketing,Google
IDE,AHWqTUlI8uUy5tyreBhRKQxg0YYUNLtXldLE9cwrnM9jqvvBI7kKBEfUjc7kRf93Tts,com.outfit7.talkingben,android,Marketing,Google
IDE,AHWqTUlIJHdeMdROSYcuoO5mzGtN3QU0fFen2Oc8jpGh5jlsveog1gO5NInhGMZnKc0,com.freemusic.offline.bus,android,Marketing,Google
IDE,AHWqTUliosc7HqOYRJnkysfUh8phawLdfkB2ZLlFBh9i2ln4Po-eFORl96G_kQS6D4A,com.softissimo.ReversoContext,ios,Marketing,Google
IDE,AHWqTUljc8m36zKlvfAe1ZS_Dy0OQ0hi8c5Vm1B0LXAX59g4uxgbHhYYdIAaDPpYHMs,com.gamulator.war.robots2020.fighting.robots.strike,android,Marketing,Google
IDE,AHWqTUlJXAGYSpA2it7H6P8HmIXHJhEIPKd-Qe6ga1Rbi4_ukqsb2gLwa0w-FRPQau8,beatmaker.edm.musicgames.PianoGames,android,Marketing,Google
IDE,AHWqTUlKchQkmw5OWaG1ahT4KdsSWrNL_wDVVAbHtT-MLIMSPzN7oBtFdM6L9JwKz94,com.lajeuneandassociatesllc.barberchopdev,android,Marketing,Google
IDE,AHWqTUllHN5PhKc5Ry5FO8cLS1mRAb6p2N4hh3Y3FvgFB1XwctOKpUGGg-bsQjTztS4,com.h20soft.slideshow.videomaker.videoeditor,android,Marketing,Google
IDE,AHWqTUl_MoV-rQyD3KMObS70cSIUc8U-qGWIf-BTzT4aVD7VcedjAEfX6zDK_x-dB94,com.create.pottery.paint.by.color,android,Marketing,Google
IDE,AHWqTUlmPkIoRHaz5TbZI_lGNqRfAA-60Lw-nn4XNCylxFrJJ4dz9WExL1iKwl4hmqM,org.freevpn.vpn,ios,Marketing,Google
IDE,AHWqTUlMrzo9sqAyLaksJxANv0W0sC57T_jztFlJYU5D1RSrHNhkXrgPH_J_RhTTANc,com.slime.making.diy.satisfying.fluffy.factory.squishy.jelly.maker.game,android,Marketing,Google
IDE,AHWqTUlO7wo59bqUTu69pJMyd0lfUzElPGRM3Ax6mCgRNdo3LNH3fJgnQRtL8CJOKcY,ru.otkritki.greetingcard,android,Marketing,Google
IDE,AHWqTUloMzADa1GaCdtXytBekrsrppPbauU1soXagimGMFNVut4vwvrgAjiOXbTax5c,com.water.sort.puzzles,ios,Marketing,Google
IDE,AHWqTUlp7HyCU2ysZ0AijgJ-uDjZh1qCVT5T9dVu7rNv4ud9IZbWPztSEa-EuhFA,com.groupon.grouponapp,ios,Marketing,Google
IDE,AHWqTUlPIlFdn8CHuMO-_wKp4yJTIZNMHCWySCnB8eNBfSnJIp-TrDMHRSLYKsVzXi4,de.dfb-medien.fussball-de-2-0,ios,Marketing,Google
IDE,AHWqTUlpRd-BVYWSVkeP3uYnAgANm-Tzq7DLF7VnSt-oInsfTkbyBw1-yOHuZ164c4o,com.mediapro.entertainment.freeringtone,android,Marketing,Google
IDE,AHWqTUlPVvcbSbiwXdi6o3Do-aiPpBIfuy1ztXbxXdwoIwmlFce2mTT-tgoj0MfuD-o,com.redberry.glitter123Abc,android,Marketing,Google
IDE,AHWqTUlRsaVgfZunzWEGAT2E2Rzgyk5-l98cTUPkq0yN3bpxH-jA5vApT2YEhebdpIM,com.jeff-music,ios,Marketing,Google
IDE,AHWqTUlSaoiiffgb4a9dPDqLKNlzzKb8mLCOJu2CixjD_cAdAPXeahcsNKFDAHQjYHw,com.labrats.fridgeorganizing,android,Marketing,Google
IDE,AHWqTUl_TDlH9vKEApspNk-1XlHQK8qXPjeEfWsFCdQMpMHCgVtKEae9jvUV5HibW0E,com.psvnMaB.Goodnight,android,Marketing,Google
IDE,AHWqTUlTGllcVnIg-y9PS1KFwC1sQ-AgxJ97T2g53FPPGTALsy8ZvlPK0Np8-YdmdFw,downloader.video.download.free,android,Marketing,Google
IDE,AHWqTUltmGN_pQUWvs3SRxIQGh-_x1FgityWYRvmyX6imbz8NbEBlxYp16KVyXnM,com.qijitech.themes,ios,Marketing,Google
IDE,AHWqTUlUcgN12Hwe3T1Q16nQypVIZJ_Ga-QAMUPBwlS1I7EIzv7F8i9t4AJwXwTCaVY,com.photopro.photoeditorpro,android,Marketing,Google
IDE,AHWqTUlvpyEf7MwvcuT-htYNbs5pPTxfnH8mw2OS1nQfut1ztiLo-YwB6h80Q8P__5I,com.x.free.file.manager.app,android,Marketing,Google
IDE,AHWqTUlvzeVRVHNnqS08O3qxrGxn2exyjqKaCOQQTNSGL2GgThiNJdlhnwpNXs40jTg,com.men.hairstyle.camera,android,Marketing,Google
IDE,AHWqTUlWHq0-oWmvg27R5vjZvtOZHnIabdASIUXjFEIYvlz5NPL_YTSeHlBu-3QKZmc,com.bfg.crocodino,android,Marketing,Google
IDE,AHWqTUlWqJpAr2RtbGc5NLL8RlxpqUxgr5oXPJe0DRt64Bw2wCRyTQdc8JIIGlKtUzk,de.sevenoneintermedia.ran,ios,Marketing,Google
IDE,AHWqTUlxgbp4sNin620wEWrveVpiscuJVvmQqliJeFrUMsZnWo3ir1aferNRLat-ED4,com.app.solfeggiomedi,android,Marketing,Google
IDE,AHWqTUlzCRBLWtpuxEoxnmWtRcpi6_wDn8rJmMRfS59xtzBx2igqaIdgQkZjIX4ZC5g,com.cafordevicegroup.cleanersmarttop,android,Marketing,Google
IDE,AHWqTUm1cZnSo20YDjUuGIAqAkBPzPAePqern7NH6g71hFE6bhWkfO3jqO-XvGiTEy8,com.vms.mostpopularmusicringtones,ios,Marketing,Google
IDE,AHWqTUm4ksfIHxfaa550D9M5giMi0YQwOS74XjmDtUTM934POYmXJND6Ir3Li02Yz6I,com.freewhatsappdownloader.statussaver.downloadwhatsappstatus,android,Marketing,Google
IDE,AHWqTUm4NHWsX_iGp2NtIJnZ7LZIUiKZzLfNhMKDgMQSzKpmVJfABEvI58LBSsDuWRY,com.madt.brawlsimulator,android,Marketing,Google
IDE,AHWqTUm65hZhRO4guPeog-6R5dl2_gnW9sb95piqFzdqciQmzAe43Lhh-sFcZbex3Es,com.tgtap.gtacheats,ios,Marketing,Google
IDE,AHWqTUm6lHddrzT08eUyqisoaY9hni_Uv7B0t2ahx5WihuUihaDBJ8NvslQNFe_juBc,com.braindom2riddle,android,Marketing,Google
IDE,AHWqTUm6REmh3yAkUG1uq5SnAV7Svhnn3bqdPjPfaMrYewYzu6Ks_zVZ4CLnC5_jnwY,com.outfit7.talkingtom,ios,Marketing,Google
IDE,AHWqTUmad-pUdUiwVjS6IkLXlwNzZ75beYHu2aFw1b2xKbvmdIZm_3--G1RDpoNaQBQ,com.Makeup.Games.Girls,android,Marketing,Google
IDE,AHWqTUmdhJt6AwklNqWI0qmz_Ltuei1lWlIXD_5pmqoAH1gUhazU8uq2ONBlkWSlKS4,com.city.coach.bus.simulator.drive,android,Marketing,Google
IDE,AHWqTUmD-OeHsS-ULnb1ZHqCPrjUD52ru0LCoKCDnqH5rLuoPffUXFQb6bdNukWQuCU,com.frph.stonegrass,android,Marketing,Google
IDE,AHWqTUmdz8IcWGvaKu0vx6p3FRT8KOG-q3EbNnHIBi4XYngNYC5x9sylR3tJGaaHmfk,com.gamesforgirlsfree.dressupgames,android,Marketing,Google
IDE,AHWqTUmE9dy48lAU819WTyVdQSZO86nqqJS7HhdglzgAukDCZYU-54d-K_o4ZN0jjc8,vvc.velvetcleaner.app,android,Marketing,Google
IDE,AHWqTUmf1h78PYyihUYCg50ObT7sSWHCWaNdOeloCKzrEQyRE96-M_Iq4wToNCpBohc,com.faladdin.app,ios,Marketing,Google
IDE,AHWqTUmFbpJBR0blXxfNyClEfa888Z9sKPtxSfDcmSH_W6adH973bEJ6zyHPVsxIQX8,com.compassfree.digitalcompass.forandroid.app,android,Marketing,Google
IDE,AHWqTUmfDMMmjQuYCO0rl8BXLHKzJ1CwcskhnT2cT_3mdF3FX8Hi1Hv2_RAZuBmPygA,com.bluesky.best_ringtone.free2017,android,Marketing,Google
IDE,AHWqTUmFvw__WeRDSraQp2NhCalU41eikkyUfIOEMxI7Vp0p0sdcLDIv8EMNduxt,com.compassfree.digitalcompass.forandroid.app,android,Marketing,Google
IDE,AHWqTUmG-_0iByezxYS56yX4JRp7IPd6iHm-asqjG7edjiayu33N4E2VrekXEci6O14,com.humbbles.imagenes,android,Marketing,Google
IDE,AHWqTUm-H33FVY2HWZ63g-Bnv4Qw8Dmf-2QNXCxhEGhbsaHcfEU0SkUt2KkMfMt8zgE,com.outfit7.gingersbirthdayfree,android,Marketing,Google
IDE,AHWqTUm-h5ZIYqtnT17LYe9MA6iF8LzRsBYVkOTNmTfIso-V7j0JKDuehJMZdad_r5E,com.video.editor.greattalent,android,Marketing,Google
IDE,AHWqTUmiAwM4_lzeW2WqKVLxfQmZBonJLAS0jqcykMBLJ99sUsX1O7IzSegz8XHqWrc,com.meteoblue.meteoblue-weather,ios,Marketing,Google
IDE,AHWqTUmIFvXhRU7Jm6IEedCrJQJJQ9fVbFWNHIpgHtDoQkgZEB9lM2hKrzARigFVCa4,com.arumcomm.playservicesinfo,android,Marketing,Google
IDE,AHWqTUmJ6S3qk6Ie_hVpKdD_jIBmNJxiOMMrRf4yLKAcpfBV7-2QAxuaUcERAcQeooQ,com.mangatoon.ios,ios,Marketing,Google
IDE,AHWqTUmjGRwvBvPfvw5yfO5z3HgVsGv9r7LE1Z9f49faoP5lPHjusmMqnSfIFi1P9lk,com.mobilefootie.fotmobpro,ios,Marketing,Google
IDE,AHWqTUmldjxBWmuRvFRok1CdZ43nAbQFoPeXbrVedrEwwcrDMocv1T1ZzBdc7USB3n4,hd.camera,android,Marketing,Google
IDE,AHWqTUmM-BdRiq-lsln8ovppb1-RQUz8l0r23aJO36LdoNSMTtIxSQ4GnyZP7t7Pgro,de.zeit.online,android,Marketing,Google
IDE,AHWqTUmmiy4AUkR0GgwvQSFpFmPf-hdAUvXlhPzxpKok1_oS8DNQ1xR1EKPzRNyqWBY,net.morethan.Hygro,ios,Marketing,Google
IDE,AHWqTUmmNfps6LTP2kJiB5plnWcdkpmHN7pLeV1uDOh4Ovlx1tS6_wz4Hq247DtlY4M,com.appmind.germanyradios,ios,Marketing,Google
IDE,AHWqTUmOaGSM4-_N90Iq7M7LSL3RHcF9O3ASiaC3frqThglOdGR1a0dl3Q65WPpig6g,de.fckoeln.app,android,Marketing,Google
IDE,AHWqTUmOgIjN3aFWsKSy-00MsEw7GsEGlPANC3yPUW8Ddj-lE7Ge6UTXxv-UNwLcklA,com.play.music.player.mp3.audio,android,Marketing,Google
IDE,AHWqTUmOMguSerQEviC0Lk2nyr1vcK3uROkXqq507IczXTJyjlaROjBwaDbKhbf9pL0,com.unicostudio.braintest,ios,Marketing,Google
IDE,AHWqTUmqb_u1_WOszSgqqNk1GtOJvtSE2GR5EAv0e26uco127IcSdEks03Ajl-DPRko,ujc.junkcleaner.app,android,Marketing,Google
IDE,AHWqTUmqrQlg604TcWEwr4ZQFGwoVd3nJrTtyGN-KmmGx9k_G8p7sGiRIzw18hjwvIU,br.com.rodrigokolb.realdrum,android,Marketing,Google
IDE,AHWqTUmrZ1Q6bAhvNDfo6jfzq7Ic2Cod7RUfcTZ31VoAkaPOxJLNcTfy9TROCUtvqWc,com.drawtoday.toccalifedraw,android,Marketing,Google
IDE,AHWqTUmS6sXYs4A6G3NV7aToskUgsXX0L7o35uKBRS_2oal_-pUA8qc_o71lINAiCRI,io.hexman.xiconchanger,ios,Marketing,Google
IDE,AHWqTUmT8EKzIYOHlEtOI63r4-ki2ECwrprSr5GUHalC1Ndz_ITwSvEbSuKsQabjFEY,dev.genesy.animalcrossingnhguide,ios,Marketing,Google
IDE,AHWqTUmuAXY1vHnPLZeUmdv59sG8jSOPHUbxfeMXqaNhO7TnO2csdVW0h3QfhBZYepg,com.all.language.translator.free.speak.translate.app,android,Marketing,Google
IDE,AHWqTUmuBfnXRpJq241ESO-rg5J15QTNmpc75IMNhaFih0Y4KkSDZHam6ZQS2DRA9HA,com.hutappid.catstickers,android,Marketing,Google
IDE,AHWqTUmUglvPT5yksJdSioR01-wyL9ojpJpIacdWQpPZ16jCybi6CUJWjTJhVjy9rbs,com.astralwire.photo.editor.makeup.camera,android,Marketing,Google
IDE,AHWqTUmugSJt4FQHuIieYgu48aJm2X52yu9YaqSbRKNZ7w5FiQcA2UUPED4R_7Hp3iE,mobi.mobilejump.freevpn,ios,Marketing,Google
IDE,AHWqTUmUjXEpvk4A5jpqm-COOa3naxD0yFbnGkGju9EDRnE_MQMS66XPt3lXc8fXTik,com.hpcnt.azar,ios,Marketing,Google
IDE,AHWqTUmVKSmbLEYurbGosDZMGmW8nUuFkT8rJAwYemieO4VH0M2a-s2rZp2CbMGm54o,heart.crown.camera.effect.snap.photoeditor.heartcrowncamera.stickers,android,Marketing,Google
IDE,AHWqTUmY9OujO72FCJcHRNEO2ykQN6F0EcGwWWrzRRqFHATpBnnOlteavn4SpWsHYH8,com.whatsapp.web.dual.app.scanner,android,Marketing,Google
IDE,AHWqTUmYbbp875nsHnMiVoq6iRvNntVwjj7Yedg0zGPHw1fjaqhXbUnyznHBDk-o9vI,br.com.rodrigokolb.realguitar,android,Marketing,Google
IDE,AHWqTUmYRwmEh59RZ-IBJqEgGG8jnDUNjStkijXCUuv-rRRPr1foIYt7nEMaPVB35g4,com.wallpaperscraft.wallpapers,ios,Marketing,Google
IDE,AHWqTUmyxms5INyENnZlkmR3AtfUUq9sITqKMODKeTKbFXczY6QGqiU9tyBI8bkkv9M,de.meteogroup.RainToday,ios,Marketing,Google
IDE,AHWqTUmZHC11JKDYBNfJlk64jG7nuPa0g0Iom90_hF4uEZ9rpX-VrGp7Rj-Gmneb3Qs,com.x.free.file.manager.app,android,Marketing,Google
IDE,AHWqTUmZpyzuS6mNiT3nkUnudKRqV0oyqgMJ356-d_oIkY0du7NDCBNlKyUprom5wNU,anime.face.changer.cartoon.photo_editor,android,Marketing,Google
IDE,AHWqTUn0wnnm5FwmYG4b5S7RnFngjyu5NIi0sZlafEnt4R-YTd9kAeJVc8pPtC37a2I,com.matchingham.helpme,ios,Marketing,Google
IDE,AHWqTUn1kEOENMOSt9ftfokYGXqdaZYwgvG79yUCbdOwZRKHVYPZkOcepFxgm-6sS_A,com.image.fun.stickers.create.maker,android,Marketing,Google
IDE,AHWqTUn3gO0d7apJ1vclo5U1R-kj0jahCIdTZg5qOppLFKFJjIw8VyMe9ZWg_IhhtkU,com.funcell.cleanitall,android,Marketing,Google
IDE,AHWqTUn4DiLTqQ1hhcsJFqHiiGGzyYyrhaELFbiYsvNmGW0qTDz5iP7aaIzfD7-tac4,calculatorlock.calculatorvault.secretcalculator.calculatorlockapphider,android,Marketing,Google
IDE,AHWqTUn4wc_X0OcjVsQz7p7UEhh_ccy77bZLF6UHotumz3mtWyTBJjcdG7Q0hTfZVNE,com.ufotosoft.justshot,android,Marketing,Google
IDE,AHWqTUn5xkTWfMPBKALSRc9bwvkLE_6cjMqUU_cviJt4-4jDI_noSDrvJoe0mlcAgHc,com.drawely.drawely,android,Marketing,Google
IDE,AHWqTUn6z0Np1agEXhbDFJCHqVZnuauKDx3SrRBhfcdsy7PENWd_bzcz5mSTPezk3n0,com.cleanerultima.fastclean,android,Marketing,Google
IDE,AHWqTUn7nBlGZuakAylT8qVIPoaJd4wpI2FvRfskHgfo7jOpQ6o7AK52pSOzqVDRYIc,com.city.coach.bus.simulator.drive,android,Marketing,Google
IDE,AHWqTUn8FgHgyKic8k7Cg2vhSp3PjdUlEJQbAzFDZFu1c8phzsmgNB5jQjOoN3ruTOM,com.bike.racing.stunt.games.free.bike.games,android,Marketing,Google
IDE,AHWqTUn8PzbWaEf6vfXdXKD3Ht0aUPs4FN8DDbPz6xnEKKETYRBxH1kol5ao9rcnBUE,com.9gag.ios.mobile,ios,Marketing,Google
IDE,AHWqTUnAorgPv9jMQs9_vpZE8VvUsZrRkUn7pHSXElllDzklxT99gczgQJYiAXR_FBw,com.collage.belka,ios,Marketing,Google
IDE,AHWqTUnAt_2N6SbD8J7f_QNqrk7EVOh_W_oZ0ssLU3zmPiGS3HXl1l1Rxw3d9Un1gJ4,com.grandgamerz.grand.dragon.fire.simulator.epic.battle,android,Marketing,Google
IDE,AHWqTUnbdQpnge2pj0nA412MONzewJ6zNZBBcYs0IeE672JQTdoMzTcc1k9iFolL3Uk,imagetopdf.pdfconverter.jpgtopdf.pdfeditor,android,Marketing,Google
IDE,AHWqTUnDoArVKFylIYXdWQiIB5wyIfMxinWG6ekFbqszAKbHPem7DXya82RqZvvmRmw,com.braindom,ios,Marketing,Google
IDE,AHWqTUnE0744tSUGyrcGTnhCvzvxhhhAYWa2ryBqM9xfBreuTORjN6_FCl4UgroWwrk,qrcodescanner.barcodescanner.qrscanner.qrcodereader,android,Marketing,Google
IDE,AHWqTUn_ecP_kzJcLmpYdBCuaPsocL8-zgOz15rFA74r5jTWHn7XW922l0Wo8CMFFBM,com.highstarapp.FontKeyboardApp,ios,Marketing,Google
IDE,AHWqTUnemd41ZqgWbVPQciiMSOhARfYMbpc_-hSglQMmxEAzm86CXtKGKme8ZZPiXkk,com.messenger.allprivate,android,Marketing,Google
IDE,AHWqTUnfc8QPXFbv2t28mw50FuRcvyoGDWNp4o34vU7ZFPDIQB_DaUTGHESyApi2Cg8,com.hypermonkgames.CountandBounce,ios,Marketing,Google
IDE,AHWqTUnFrZx0ypLpeMaxYPOf7oWdyFQlh80putho-hzzCdakdckVm6i-oxolUzrY8RE,com.freemusic.offline.usa,android,Marketing,Google
IDE,AHWqTUnhUrojI6FZdbU0tnftJKaMZOWVFzUdZDu0LNJZuRiEj5lGZQRzZ6Qn5A9p9hA,com.azarlive.android,android,Marketing,Google
IDE,AHWqTUnH_wF_b0l2vX3Stgs2hTTdNXum2bR_2DnYIP1QgAunmjJgb-AJ-GAe-Awc0wA,com.techpro.animalsound.freering,android,Marketing,Google
IDE,AHWqTUnie6dy-avpd2ddo4UEK4SUnDwPWq6jtUK2b8-mbrmSCFk9eTE9sgab304ccRI,com.lamasol.LiveRadio,ios,Marketing,Google
IDE,AHWqTUnIHYJm9QYZ6U4o_gQ5QdNe9By4PXyW3deI3inR5_cXJoSlGi9ZVpetncNS4ZE,com.lomographic.vintage.camera.filters,android,Marketing,Google
IDE,AHWqTUnIL4m9RrpJHnkwcc47tu8zvWQQiOjsYIwRcKOmIcD0pWzdM_uSQ9ppytsJ5C4,com.madfut.madfut22,ios,Marketing,Google
IDE,AHWqTUnisdFdAE3R0zwtCyMs_gjWRDwik2weBpeT8OjXBjAjH5CgI5U4IO60b9Lo4gU,com.bigwinepot.nwdn.international,android,Marketing,Google
IDE,AHWqTUnjh_iY9n_yUvbzuiO2LHP2jmSIWtkymSkRrgeWXkVhKHIJsOUYU1F02hdAKbQ,com.atpc,android,Marketing,Google
IDE,AHWqTUnK0O0vIG3cZd7rtagnqjmh1WI4iYxmSVYXGJn3cHlFdtinxsnTRVkARPjfLxQ,de.QUOKA.Kleinanzeigen,ios,Marketing,Google
IDE,AHWqTUn-KUnmXyYqz_uZkaGlJzRTw34T3OhdYxV4W-j_Iec2oJrgPmQ1Ys1GajTABe0,com.nut.id.sticker,android,Marketing,Google
IDE,AHWqTUnldzN9CuM2GXc1WA0M5kfYTxhxEaWGRvt2ECeF4yGfHUAcz-71Ja20KhXwaIM,com.jrustonapps.myauroraforecast,android,Marketing,Google
IDE,AHWqTUnM_TA9-VrMMfFtM_D2AfRy64ODT1wLKHgm8yG_rZdSQZ1zJ4c9n4DJ7IBUrik,com.faladdin.app,ios,Marketing,Google
IDE,AHWqTUnmXxyDsw23L1hp_xi5P3Zk6ahpazN31DIIytrG2p1DY0KdqcUKHFFebpiEC5Q,music.audioplayer.musicplayer,android,Marketing,Google
IDE,AHWqTUnnQxdfCi_6t1V1WfuPk5CNE3JF6ayU5DzHPKXIFpdM1meYNQrUCBy_NjAUw8Q,alasle.aldhbbe.chat,android,Marketing,Google
IDE,AHWqTUnpsZfyjPJhyrlhcfdP_zkr7JQBRF6Z6eSGWnBJ65-Gwc0i25TbeXrQjNm4Rw0,com.vtool.screenrecorder.screenrecording.videoeditor,android,Marketing,Google
IDE,AHWqTUnQbYDxg0Bm3ODGUhEqo4t5BY7eginBUd-vsVT-GtH5fBbfw61LXYXBQsFtu0k,com.phone.cleanepro,android,Marketing,Google
IDE,AHWqTUnQc1vP2LVjH3beAQFhLa9o0fLyr9rKqj9co4r-OL1FBldsrbMPKiU7Lrv_F9Q,com.lyrebirdstudio.facelab,android,Marketing,Google
IDE,AHWqTUnqZdbDBSZuouW3FS3ilQmYcDnQxtFMANt3h5Poy5Grda56TVhhjIPVVz-w_wI,com.pdf.suite.app.word2pdfconverter,android,Marketing,Google
IDE,AHWqTUnrol_CBKXIYy-udDr6oYgUa18MMTVv-NSz_nQcieGGjFeqVKUvmgfWyZz8kMo,com.yinqs.weeklymealplanner,android,Marketing,Google
IDE,AHWqTUnRQcmvDUoHiHvfUAuHDDEubuZ5MmlPEQuL88FZMDx-wCkXefJOtBazacbwjHk,com.video.editor.greattalent,android,Marketing,Google
IDE,AHWqTUnrt_KmLzJkHPTfc3oTm0Hd_PiwAAPQ0hc2u1w8c5Z9NDmPqQDWJMha3Y8FPaA,com.techpro.animalsound.freering,android,Marketing,Google
IDE,AHWqTUnrVW9EIb7iiyI8XkU2-qolZjkm8mKEejdF6hopnDdoVCKtvwHYokOcdJvjBJw,com.qrcodescannerfree.barcodereaderappfree,android,Marketing,Google
IDE,AHWqTUnS4OTJvwjP1F06jpetWrdvIqdxTyiPadcjdnxHCxEflZPZzfgdwt2d6Xa_6R8,com.andanylo.Meme-Soundbar,ios,Marketing,Google
IDE,AHWqTUnspUkVzYdZilY6FyQhgDeis63ze-Dh5TTB747s8E1X9L9cpLPoWaxi6Zz67Wc,com.greenvest.neobet,android,Marketing,Google
IDE,AHWqTUnsquqiyGs0hV4ZYtBBBfZxKMS_d8HjynroNJbQhBBbsbcWtf_jdbiUuTCCO_U,se.resenatverket.FlightRadar24-Free,ios,Marketing,Google
IDE,AHWqTUnsx8UNuzfl9LUo0xJZoLRUBVYJbucIJKzKpa5Q6owoHw0KTTI353harNMY0DU,com.hd.video.wallpaper,android,Marketing,Google
IDE,AHWqTUnTnfBoBhxkIHFwR3pCfZFOxe-zgiRjLpbJoWvGnVMKmsGMZY2Rolx7PKMyb7E,com.toh.app.music.cutter,ios,Marketing,Google
IDE,AHWqTUntq7ASCUujsjEl8-WarkPMnxJgFX36H_A2zVPp0trBDpDoWVfgPD1Bh2JZ-N8,de.wetteronline.WetterApp,ios,Marketing,Google
IDE,AHWqTUnTx2r9LvNYNebNb9ZlmanRBcihglq2pWbNgg7g_y749gWKY7L7XEdPDx6Qs0k,com.arisanmod.fredyfnafmcpe,android,Marketing,Google
IDE,AHWqTUnup5AuweFE5vWCP1FiZm0t6qi1XzU9bgonAw5bjrusTJ4CjidJ_3OvWzbqvZU,realtime.gps.maps.mapas.navigation.traffic.directions.online,android,Marketing,Google
IDE,AHWqTUnW7mPpYPNwoFmKLGcmkaZirkt8ZAwItCQ4WD-gYouAk7_LLgopT367_3V5l20,com.aplicativoslegais.Memes-For-WhatsApp,ios,Marketing,Google
IDE,AHWqTUnWSJweC2VLAKlbNFhZyIUCUIdLnx3vtsTuA_ZrYalkVTbxpWaA7ywlfQq0VjA,com.audiomack.iphone,ios,Marketing,Google
IDE,AHWqTUnX36u5bTru4P4OJ2sniutk0cy5g-VUd5w0HbQ7V1HwdbK7uI0J6w0wjZ0q7hM,com.vtool.screenrecorder.screenrecording.videoeditor,android,Marketing,Google
IDE,AHWqTUnX-3MczkIeKcvgu2PiP6vNMo7l0U-oMbh5_9yPpGDDNJV4aQw2OAQ36cVtYRE,hdmi.connector.five,android,Marketing,Google
IDE,AHWqTUnxOsCrdVd-77iNi1mQN00kkFkgqWnA6Oet1scO-N1ig58tKSIirxYz53XybUM,com.lyrebirdstudio.beauty,android,Marketing,Google
IDE,AHWqTUnyw2Ng3gUcQ6sofeEMgv6qaa66-ezi_cLPTQH-Be7nhO5jSjtqcB3EW_Ke8KA,downloader.video.download.free,android,Marketing,Google
IDE,AHWqTUnZNcshYEnIZoF1yIrVNFR8FBDCmJqiOvo7X6aU3vQSLEnZJ83zJikF-1wg300,com.codeway.cleanerplus,ios,Marketing,Google
_ga,GA1.1.1044166033.1650905135,de.mdhl.ruhrnachrichten,ios,Analytics,Google
_ga,GA1.1.1161656451.1650866084,com.handballnet.handballnet,ios,Analytics,Google
_ga,GA1.1.123924100.1650905000,de.mdhl.ruhrnachrichten,ios,Analytics,Google
_ga,GA1.1.1261540774.1650850690,de.tagesspiegel.epaper.android.uni,android,Analytics,Google
_ga,GA1.1.1339311927.1649278162,com.lalatoon.ios,ios,Analytics,Google
_ga,GA1.1.1357089805.1649249964,com.greenvest.neobet,ios,Analytics,Google
_ga,GA1.1.1614875439.1650921850,de.rtlinteractive.inside,ios,Analytics,Google
_ga,GA1.1.2001166861.1650900054,de.mhb.mps,ios,Analytics,Google
_ga,GA1.1.2047445866.1650866186,com.handballnet.handballnet,ios,Analytics,Google
_ga,GA1.2.108000687.1650861658,de.fupa.fupapp,ios,Analytics,Google
_ga,GA1.2.1098596941.1648923339,pi.browser,ios,Analytics,Google
_ga,GA1.2.1174962906.1650940366,com.indeed.JobSearch,ios,Analytics,Google
_ga,GA1.2.1261628956.1649340080,de.foraum,ios,Analytics,Google
_ga,GA1.2.1332447707.1648895928,de.dbregio.wohinduwillst,android,Analytics,Google
_ga,GA1.2.1341216179.1648670648,de.onetz.Onetz,ios,Analytics,Google
_ga,GA1.2.1357089805.1649249964,com.greenvest.neobet,ios,Analytics,Google
_ga,GA1.2.1385323493.1650925289,com.tipico.scores,ios,Analytics,Google
_ga,GA1.2.1464613239.1650928764,com.hp.printer.control,ios,Analytics,Google
_ga,GA1.2.14aaf149-0c05-4ea7-8dcb-6f3ab5ac9af4,zzkko.com.ZZKKO,ios,Analytics,Google
_ga,GA1.2.1614875439.1650921850,de.rtlinteractive.inside,ios,Analytics,Google
_ga,GA1.2.1659137163.1649527409,sports.bwin.de2,ios,Analytics,Google
_ga,GA1.2.1713744940.1648593214,com.sara.ios,ios,Analytics,Google
_ga,GA1.2.1743286990.1649246363,org.spielerplus.web,android,Analytics,Google
_ga,GA1.2.1773929219.1649595099,de.basecom.ehorses,ios,Analytics,Google
_ga,GA1.2.1887572819.1650929029,com.hp.printer.control,ios,Analytics,Google
_ga,GA1.2.1892128189.1648899285,doordash.DoorDashConsumer,ios,Analytics,Google
_ga,GA1.2.1946806626.1649231165,com.greenvest.neobet,android,Analytics,Google
_ga,GA1.2.2126942678.1648830950,de.hawesko.app,android,Analytics,Google
_ga,GA1.2.235104441.1650864735,de.zeit.online,android,Analytics,Google
_ga,GA1.2.342416087.1649013907,com.atistudios.mondly.languages,android,Analytics,Google
_ga,GA1.2.431873635.1649584464,com.bridebook.mobileapp,android,Analytics,Google
_ga,GA1.2.531183548.1650919312,de.tagesspiegel.ipad,ios,Analytics,Google
_ga,GA1.2.775062219.1650928894,com.hp.printer.control,ios,Analytics,Google
_ga,GA1.2.998832139.1650928929,com.hp.printer.control,ios,Analytics,Google
_gid,GA1.2.1126765580.1649595099,de.basecom.ehorses,ios,Analytics,Google
_gid,GA1.2.1233157542.1650864735,de.zeit.online,android,Analytics,Google
_gid,GA1.2.1348112456.1649231165,com.greenvest.neobet,android,Analytics,Google
_gid,GA1.2.1348604553.1650929029,com.hp.printer.control,ios,Analytics,Google
_gid,GA1.2.1530495221.1650928894,com.hp.printer.control,ios,Analytics,Google
_gid,GA1.2.1542356063.1650861658,de.fupa.fupapp,ios,Analytics,Google
_gid,GA1.2.1577849022.1650919312,de.tagesspiegel.ipad,ios,Analytics,Google
_gid,GA1.2.1581772519.1650925289,com.tipico.scores,ios,Analytics,Google
_gid,GA1.2.1600181651.1648899286,doordash.DoorDashConsumer,ios,Analytics,Google
_gid,GA1.2.1610494705.1649013907,com.atistudios.mondly.languages,android,Analytics,Google
_gid,GA1.2.1678000544.1649249965,com.greenvest.neobet,ios,Analytics,Google
_gid,GA1.2.1837442215.1648593215,com.sara.ios,ios,Analytics,Google
_gid,GA1.2.1970690325.1649527409,sports.bwin.de2,ios,Analytics,Google
_gid,GA1.2.2116919100.1649246363,org.spielerplus.web,android,Analytics,Google
_gid,GA1.2.2125670171.1649340080,de.foraum,ios,Analytics,Google
_gid,GA1.2.380813265.1648923339,pi.browser,ios,Analytics,Google
_gid,GA1.2.445321801.1648830950,de.hawesko.app,android,Analytics,Google
_gid,GA1.2.445674034.1649245708,zzkko.com.ZZKKO,ios,Analytics,Google
_gid,GA1.2.528174214.1648670648,de.onetz.Onetz,ios,Analytics,Google
_gid,GA1.2.532913751.1650940366,com.indeed.JobSearch,ios,Analytics,Google
_gid,GA1.2.577297127.1650928764,com.hp.printer.control,ios,Analytics,Google
_gid,GA1.2.682328034.1648895928,de.dbregio.wohinduwillst,android,Analytics,Google
_gid,GA1.2.766539633.1650928929,com.hp.printer.control,ios,Analytics,Google
_gid,GA1.2.866713051.1650850690,de.tagesspiegel.epaper.android.uni,android,Analytics,Google
_gid,GA1.2.910503002.1650921852,de.rtlinteractive.inside,ios,Analytics,Google
_gid,GA1.2.910806797.1649584464,com.bridebook.mobileapp,android,Analytics,Google
NID,511=c2ivtkmwLkzH0DuMDlMBmm0sxqr3NHNzJQ_8Y8mH1MfJM3Um9GYM-LZj2dl0KZ8jVawNY_KRz7hPpoYRXOuHnBOY39M-Q9zPf1zmTRj-U1GwnstRRbvaCU-JhYhLdkb1_463Bnisa7ritJCUWx9wn8CgNxNhgVCCLFYfb2ciOf4,com.psv.vlad_and_nikita.supermarket,android,Marketing,Google
NID,511=gDILL2Gwi0NKF3mOkbxK-PGLjjSc5OlPsTIw9-Sh6bUcFQJi3AMIMiZdxD9fblsgnTQ8q1domzjkysYP7WbXJf0SKD5ysbqUGQ5QG_ErxHH4UtB9ubRzmRdL0e8Giux60S0OWgXWpDP3YmWjwshY5dOPcxyP6b59yZNh7tBc75U,com.opera.OperaNews,ios,Marketing,Google
NID,511=HgzTx_hcaMqS3ROFGmECo31PmUN-X6U6QbEjA7qEsrHtVz1uvVlDqdJkQr_flnaS2L3yNjz91olAAduyGqIxc2au23JPUXyK9YNjxAj_UpMNriVNfLNl7dNizho5yBIQn69zLb2yhNtesDYkZ89BEQAG_LKn1cDPRD75RyPEicg,com.google.Maps,ios,Marketing,Google
NID,511=iMCfK-XXVbnX1uBV5tpJZdHLZOR4ofL4VcKaCb--9ERFFrtXWDrDJeQE5KVRXnSAgildel5351chNcGt5H8zrBtTSCgF5CmAayumm1ZT1nD9esExQNu5McddksLq-qVGt17b89A6SPca2bMoI50WZrCdZYlXKuhOFFiPU05NJ30,com.google.Drive,ios,Marketing,Google
NID,511=JXYeNeFwnXTPzrYCy2VHCTCgijvJaTe4Udg5FLo33lgb-PZJbCVUM7XHFADrC-SMYua1d29EY9JuccJt_aNj3bYSqr2pl1kLj4U7rTw5tJSrj3MTtq_Bt6_MrCbLoPQgjCGJy9OorfnfPYsm1yWZg9H_rNrJxrDO37nHJuIP3T4,com.google.b612,ios,Marketing,Google
NID,511=kjDLPANWCniT3o-u0qXs5Ae9l1aK7yrTCyKqHCXjpJRURGP_SjGwC3CPcKU_19V-6m17lxdsdz5svbZo0wV-AkwRrBi52MG55HbjGuzyrfHXYrLVL54LqMq2LEnJVf7y5Qy93VPgRHOTqANhAzAOa92zHDukvA8tOoFAe1DMFew,com.kiwibrowser.browser,android,Marketing,Google
NID,511=M3LrS-8lF5bRvkod5RZJ9Nq3pwuR5iQOaYbwxouoxhLqWOvArp6QnNI2D9NdBks58AenHdYZ_4lPfSu8WiuCgPP9LPlmpGxQHkrnFpImXX5GhKJDdZrj8pmW0JewgNhuC_hNzwBS4xtBprrioNj-QKhmCS54dMZGAai2n0MGew0,com.google.photosscanner,ios,Marketing,Google
NID,511=NB3fa89bxKTZLD2ZEwsJjKfYDNIhP4ud1P1263WKOIqBcmUSvzLEnXPrBdjCRnTfo9NSLtzk3y7DR_h8Jeq6AhPFd9aKAG9RuHpwjGtaBUU0PWXMO4b4SayUz4qzLlWKLS6tlXJato9lvQLwsponQs5CbZHjKEwoqxiSDsfo0NY,com.rstech.maps.gps.route.finder.number.location.tracker.directions.maps.gpsarea.navigation.compass,android,Marketing,Google
NID,511=NBJ01Zj4mtT1cZ4bJXBU2whcDvTADeZc-2cMNAcqNk1viF45Tvb6LSIVlJWUdI3cKW54PmiaiFG3JKx21O8heCPNKRNItzGYKNgD5ndXTCO2VPhdHT1p3f8RGhyqqin29w-ngoyVO_wypfWa4peEF0SJ4XlNMNg5teBulCLCC4I,com.kidgame.supermarket,android,Marketing,Google
NID,511=p5xg_3BmUMHpFYVJrFaYiSQmJ0sVokNzsUXs-imvc1OoeMMOr25WARGQZiL_E1q2NSK5ptHuqOxNhZ9dB-jzPrSUXsN_wdpIwQxMy1I6dB17d9ehvcfh5y5uD7yGSNCRCyTRg3-cRzz-CBDFYF76QXGqkpnnHSZ_0fPiYeJQZd0,com.zuuks.truck.simulator.ultimate,ios,Marketing,Google
NID,511=pC489QjzB_BLh-KMEDJyhIUVrBdgGUyu6w3jodGzYji1SsRi5lD2w84x2QqkJCJtQpH0sSgTStAuifBxCv8ey2_VKivIt-Qa_OgadYkOREgLDL4H-ZrMYRkkMLgcgeMv2t14PBpTISnKinHe_7xER7qzQVGmn3fkX6YafcUCuXA,com.google.GoogleMobile,ios,Marketing,Google
NID,511=PWTgjM0ouX_0S5eh2GjaRMtK-qYg1ohnHAyn6ayl3H_3Ky0F0I18-wK3_miy_kZsV36k08kD5axVG3b7y-NPZOFKsBrsFQZm287c8HHUwxvlociWcOHBRsbhkAC3TFCZ0hMDQS3BEJCRSncqRZvsjXLi1j92OQtm8h6cxsoiBtY,com.google.GoogleBooks,ios,Marketing,Google
NID,511=qcC-3IjuqdNMLOPzsmN5-wuMvItdr8Ris99eEYpK3tqfGlBz-Uaf45mHSJbWeU6rOQIva1aV0hYKVooASunrhiGauXNr8xVsX4VmGhIebSGtuyicb8hgRBvNSDpkKlGTEDyzexw2uP6LXmn_6g0Tyx6VGCNlGVsQBqg-2yLUdWk,com.google.LightCycle,ios,Marketing,Google
NID,511=r4tx_H-81gH6tlvvi_tBSBs60AoBDYP0v0OQvaZUzXmzxu9CHyfNOpKeVwd9eo2DxSa6c9IOAm1wCWQ6LUw5Eqnu2ty0DGGH5_R1kKA05WI16LTGU3IcBT7qDwIpdvd_VMDz9Ypc5gGt5MCsIJyRkSUJ9KX3FONlQ5GI0794nHM,com.google.GoogleMobile,ios,Marketing,Google
NID,511=R5MVa9aq04ogLJlRApW33DXIuFRlgQdRDzpnXYwNtKUDqMNyEJSDO6KXlAktFXWsQyrupide0UNTLqoxtCU1LkAYZRw2MYqWia916JO4ZGMmwt1_8784CLzOPbMN_0-dFv6CczQd9h1NVVUoMzjIDq_6LfOqVtnHGD73Je5z9Tc,com.google.photos,ios,Marketing,Google
NID,511=sUYH0DglXnw4naFkSljAJGsu7RoKtxhC6yYaTOvthSbORQbDYf-56AZrZgUSBsOYXUX--MbigN1ElncqdCDuoFfi_W7vY4_eNQ9fiV3jLWMi2kUBqh0SvNUwH2OrgDcyZUkUNrxcb5L3sxtSYNwgIajXlTLSmn-qG1tHQjBu8uw,com.google.GoogleDigitalEditions,ios,Marketing,Google
NID,511=TgnmGCLW3JMSrFIObaEkxU_nV1z3gTiVHnHWollIGB9Qv_f0Jp7X-qUM0fQhND1hwzp3mpPgRko2VJD9ekna50OgxKuxq3RquWJ1BtgGeHdj0OnQx0praGJAQ1IAqWvf_v5od0di9pq1oz4pr4Fx2bbBbTzAIS6lLmYsgB4XPU8,com.google.Chromecast,ios,Marketing,Google
NID,511=Ttc6MZyhsyRbneXELzMFvWyYZQzerLjtMMTurmd5rS9c7S33PtzWZG8w3VjdR9Wcfaar-YU07D8S8xb4WJdN9pF2Hhdyfj6k0N1krxYt-ECsCUbWy14QFpu31AzwB6JuTH7DxlhrgZxDqeuL0Zl1Q79US9gNc5dOdypmDBcSjiY,com.psvnMaB.Goodnight,android,Marketing,Google
NID,511=vfIhy-VdHeSRwoMDKe4Y5AJXnDDJ7OxXyqWJ0Dkwkwe6caomieE3VJUTOgazbJOw9vmca4zNzXSqnzhSp31a1DvcT3q8ws9DAHJu061u3ZBqVHkZAcKNZn-Vb69ujJsl8M1OmeIvVnSxpNlkDydXXqj3l6TeDqDMHYYHijaQITA,com.topbuzz.russiafree,ios,Marketing,Google
NID,511=WCJCj6Zu0rd6hv45qsvnlVrRwhCOx-SFH-Ee_ZvpwkotcrjlkvUhh_XoxPs8yG7VlbzMdzOpwvvfRrqEgp2hXsxhqOVqqEcsKr2mQ6jgargdN0PokLo5HkKX4m5gqgMLdkHfF2LOixsUf1EkiSfTKt71HkcauYZ7tG3cKCcobHc,com.google.samples.apps.cardboarddemo,android,Marketing,Google
NID,511=WJkVtoPY0oiTDG-I18TC74L6AXtGPizwqdYlpUvne_Hu7H6j-aIDOzh1M1CeaI3e5b7pPN3F2kMS09PUcyfiaaNJHHzGh5qtlSrjSQenJU4JO7J3aW3h4_U6aC50b5YujeXkgiBno6aHkTr-ZbnypuALDIZ06GCdiEAbsZKjy9U,com.google.Translate,ios,Marketing,Google
NID,511=XVWGDCikagGnRO788LyYDHEIVdiu8RzuFvgCrwKv_-YQaNJJvGyIX6FR7SgU074hOaR9Cu_RzWQSL2mVhjwkgJw2HovdVvQoVGgDnbAavDRbiX1NMae2_CSw6kiZCRIcSt0O-IfY1MKEbhoNBCxzaBheWWS4ECYMASpBEH_44mQ,com.edutainment.mashadentist,android,Marketing,Google
_fbp,fb.0.1648593215708.483913480,com.sara.ios,ios,Marketing,Facebook
_fbp,fb.0.1649351528615.1751747275,com.fordeal.ios,ios,Marketing,Facebook
_fbp,fb.1.1648899287832.1775139325,doordash.DoorDashConsumer,ios,Marketing,Facebook
_fbp,fb.1.1649231165901.1946893986,com.greenvest.neobet,android,Marketing,Facebook
_fbp,fb.1.1649249967885.487756718,com.greenvest.neobet,ios,Marketing,Facebook
_fbp,fb.1.1649278166169.793304299,com.lalatoon.ios,ios,Marketing,Facebook
_fbp,fb.1.1649527414144.321256270,sports.bwin.de2,ios,Marketing,Facebook
_fbp,fb.1.1649584464182.1089155204,com.bridebook.mobileapp,android,Marketing,Facebook
_fbp,fb.1.1650850690461.1663527072,de.tagesspiegel.epaper.android.uni,android,Marketing,Facebook
_fbp,fb.1.1650866084152.869771906,com.handballnet.handballnet,ios,Marketing,Facebook
_fbp,fb.1.1650866186698.1864397772,com.handballnet.handballnet,ios,Marketing,Facebook
_fbp,fb.1.1650909489744.567651864,evismedia.lebensmittel_sonderpostende,android,Marketing,Facebook
_fbp,fb.1.1650919315976.685956321,de.tagesspiegel.ipad,ios,Marketing,Facebook
_fbp,fb.1.1650921856427.1841721672,de.rtlinteractive.inside,ios,Marketing,Facebook
demdex,02433317656624989775772785772724142923,com.nike.onenikecommerce,ios,Marketing,Adobe
demdex,02850735851328971127800170358550007616,me.klarify.klara,ios,Marketing,Adobe
demdex,16296631706160793648971427257725450742,de.mcdonalds.McDonaldsInfoApp,ios,Marketing,Adobe
demdex,16363440152695778391115401431466938179,de.toggo.tvapp,ios,Marketing,Adobe
demdex,17161448748293842395744623077542687599,net.faz.einspruch,ios,Marketing,Adobe
demdex,20144213787487035316227840375497882459,com.coke.app.cee,ios,Marketing,Adobe
demdex,21905346236469297217484294380831727438,com.nike.niketrainingclub,ios,Marketing,Adobe
demdex,25270196951928601723369969275854194336,com.nbcuni.cnbc.cnbcrtipad,ios,Marketing,Adobe
demdex,25645680907617976128485950157056495525,de.sky.sportnews,ios,Marketing,Adobe
demdex,25888683097143449173330636462611626873,com.nbcuni.cnbc.cnbcrtipad,ios,Marketing,Adobe
demdex,29278520070985237668148759093627519368,com.disney.disneyplus,ios,Marketing,Adobe
demdex,34373079556147294712325758697589361813,com.greenvest.neobet,android,Marketing,Adobe
demdex,39539352017897559004135855554440358653,de.zeit.online,android,Marketing,Adobe
demdex,41285265713046910976165274987194017471,com.hm.goe,ios,Marketing,Adobe
demdex,41387123601068702273746812654151263694,com.espn.ScoreCenter,ios,Marketing,Adobe
demdex,46759757365016204214167864435008148343,de.mcdonalds.McDonaldsInfoApp,ios,Marketing,Adobe
demdex,54779585351223822945722839612360528597,de.co.americanexpress.amexservice,ios,Marketing,Adobe
demdex,63604553664158686395049307829914597199,com.adobe.lrmobilephone,ios,Marketing,Adobe
demdex,68729484078899704772632875456972225190,com.nike.nikeplus-gps,ios,Marketing,Adobe
demdex,70026117989648675230179986758746748750,com.expedia.booking,ios,Marketing,Adobe
demdex,70066815452736071296638005086778343485,com.nike.omega,ios,Marketing,Adobe
demdex,73554580525323550888267589317728676168,com.shell.sitibv.retail,ios,Marketing,Adobe
demdex,79850451553289114187429807613312444836,com.kaufland.iosapp,ios,Marketing,Adobe
demdex,83321445628050470156601665372409817507,com.wings.iPhone,ios,Marketing,Adobe
demdex,89885744444097570447405014482295273451,com.cnn.iphone,ios,Marketing,Adobe
_gcl_au,1.1.1085843962.1650850689,de.tagesspiegel.epaper.android.uni,android,Marketing,Google
_gcl_au,1.1.1104772039.1648593214,com.sara.ios,ios,Marketing,Google
_gcl_au,1.1.1433467202.1649595094,de.basecom.ehorses,ios,Marketing,Google
_gcl_au,1.1.1453108113.1648670643,de.onetz.Onetz,ios,Marketing,Google
_gcl_au,1.1.1668202190.1650847896,de.zeit.online,ios,Marketing,Google
_gcl_au,1.1.1700038995.1649527408,sports.bwin.de2,ios,Marketing,Google
_gcl_au,1.1.1994093004.1648899284,doordash.DoorDashConsumer,ios,Marketing,Google
_gcl_au,1.1.2030432762.1649416549,com.aspiro.TIDAL,ios,Marketing,Google
_gcl_au,1.1.2031401130.1650909488,evismedia.lebensmittel_sonderpostende,android,Marketing,Google
_gcl_au,1.1.2142681364.1649278161,com.lalatoon.ios,ios,Marketing,Google
_gcl_au,1.1.361264100.1650855090,com.tipico.classic,ios,Marketing,Google
_gcl_au,1.1.535605145.1650864735,de.zeit.online,android,Marketing,Google
_gcl_au,1.1.700047459.1648676393,marc.waesche.org.marcophono,ios,Marketing,Google
sp,39bae970-2c63-40c5-962d-82cf2e2171a0,com.casamundo.iphone,ios,Analytics,Snowplow
sp,3d79b8c6-711c-4fcc-98a4-987ea73b7ea1,com.wahanda.consumer,ios,Analytics,Snowplow
sp,454da3cc-9ac6-4723-b5ce-ecd8b800dd4e,com.flixbus.ios.Flixbus,ios,Analytics,Snowplow
sp,5a108622-ed5b-41c9-ac21-92e54883d3cb,com.goeuro.ios.ronald,ios,Analytics,Snowplow
sp,6f5abc58-f0a2-407a-96b8-c07918199e07,com.hometogo.hometogo,ios,Analytics,Snowplow
sp,825d8a9f-8135-4bdd-9065-bd11ee911f53,com.flixbus.ios.Flixbus,ios,Analytics,Snowplow
sp,9c1c49a8-2624-40e5-85ff-3877533f4470,com.casamundo.iphone,ios,Analytics,Snowplow
sp,acbb9228-c10d-4965-ad81-278f74b381c5,com.strava.stravaride,ios,Analytics,Snowplow
sp,b4829ff0-a1bc-4f32-a64e-dd6fb6378654,com.wetransfer.transfer,ios,Analytics,Snowplow
sp,d5b18fa5-eca3-451e-ba48-87890b881f46,de.axelspringer.earlinews,ios,Analytics,Snowplow
sp,e723d00f-fa89-4158-920a-6412a816f99f,com.hometogo.hometogo,ios,Analytics,Snowplow
A3,d=AAIBBBA7SWICEKB9lBUiYkRupw54Tvf-FIA,com.yahoo.weather,ios,Marketing,Yahoo
A3,d=AAIBBI9hR2ICEClBIiEagUhGqAifPKyN_do,com.aol.mobile.aolclient,ios,Marketing,Yahoo
A3,d=AAIBBNrVRGICEBsGQQIlUUXsk4Q4MbGlr_c,com.yahoo.Aerogram,ios,Marketing,Yahoo
A3,d=ABIBBI6KR2ICEOT6IjfPivIQzmvUF0XzBpY,com.yahoo.mobile.client.android.mail,android,Marketing,Yahoo
A3,d=ABIBBOiXQWICEMvEvqs-vks7P395Wb5RElc,com.aol.mobile.aolapp,android,Marketing,Yahoo
A3,d=AQIBBNrVRGICEIIv8N3FCD7dQbXXE6KLSxcFEgABBgDjRGJGYuA9b2UBACAAAAYsQVFBQkJnQmlST05pUmxhVXFRZjgmcz1BUUFBQUpxUmtZMm8mZz1Za1RWNlE&S=AQAAAhUQV2SkFTKH3Miew_mRK2I,com.yahoo.Aerogram,ios,Marketing,Yahoo
A3,d=AQIBBNrVRGICEIIv8N3FCD7dQbXXE6KLSxcFEgABBgDjRGJGYuA9b2UBACAAAAYsQVFBQkJnQmlST05pUmxhVXFRZjgmcz1BUUFBQUpxUmtZMm8mZz1Za1RWNUE&S=AQAAAhf0DSCV_7UD2STwah69STk,com.yahoo.Aerogram,ios,Marketing,Yahoo
A3,d=AQIBBNrVRGICEIIv8N3FCD7dQbXXE6KLSxcFEgABBgDjRGJGYuA9b2UBACAAAAYsQVFBQkJnQmlST05pUmxhVXFRZjgmcz1BUUFBQUpxUmtZMm8mZz1Za1RWNVE&S=AQAAAu3zvK9co7eRch73pR8HBU8,com.yahoo.Aerogram,ios,Marketing,Yahoo
A3,d=ARIBBI-KR2ICEKv_XNk5En6AV5Kq53GC_z0FEgABBgCYR2JIYtwOyiMAACAAAAYsQVFBQkJnQmlSNWhpU0VHN0pRbjkmcz1BUUFBQUpVS0dLdjQmZz1Za2VLbVE&S=AQAAAsT6K5ecTuwJrSC89UcABB8,com.yahoo.mobile.client.android.mail,android,Marketing,Yahoo
VISITOR_INFO1_LIVE,5MWshy95gnI,me.mycake,android,Marketing,Google
VISITOR_INFO1_LIVE,BPzNEm7H87c,com.timeless.investments.app,android,Marketing,Google
VISITOR_INFO1_LIVE,CIzrb90etc8,com.customsolutions.android.alexa,android,Marketing,Google
VISITOR_INFO1_LIVE,TWJz0T2Xesg,de.kurts.sharing,android,Marketing,Google
VISITOR_INFO1_LIVE,ZBeF8hxryfY,com.sptube.browser,ios,Marketing,Google
_gat,1,com.atistudios.mondly.languages,android,Analytics,Google
_gat,1,com.bridebook.mobileapp,android,Analytics,Google
_gat,1,com.hp.printer.control,ios,Analytics,Google
_gat,1,com.indeed.JobSearch,ios,Analytics,Google
_gat,1,de.dbregio.wohinduwillst,android,Analytics,Google
ajs_anonymous_id,0a0886c1-a9f3-461b-a097-98004f13d18d,com.realtimeboard.rtbPhone,ios,Analytics,Trustpilot
aam_uuid,39539352017897559004135855554440358653,de.zeit.online,android,Marketing,Adobe
aam_uuid,72072443767493302251417414226993333656,sports.bwin.de2,ios,Marketing,Adobe
aam_uuid,91168379850783622053684278273941517089,de.tagesspiegel.epaper.android.uni,android,Marketing,Adobe
s_cc,true,com.actowise.browser,ios,Analytics,Adobe
s_cc,true,de.tagesspiegel.epaper.android.uni,android,Analytics,Adobe
s_cc,true,de.zeit.online,android,Analytics,Adobe
s_vi,[CS]v1|31259867B996551A-6000054F29364FD0[CE],de.lidlconnect.ios,ios,Analytics,Adobe
s_vi,[CS]v1|3132FD7994855084-60000E05D9FABC8C[CE],com.actowise.browser,ios,Analytics,Adobe
s_vi,[CS]v1|31339436DCBB2EEE-60000AA1FC611145[CE],com.deutschebahn.navigator,ios,Analytics,Adobe
s_vi,[CS]v1|3133947A70056FAD-40001F1E3C62C7FD[CE],com.deutschebahn.navigator,ios,Analytics,Adobe
i,lX+JpZkm9FAd6HMZavWAbmjR2IPfg3WYzgFHrcyR2bVvYrEKqzEqbuH1fY5r+PMmWI7QzMzpvN+J5tIYxlXX3HlEuts=,com.yandex.browser,android,Marketing,openx.net
i,Ne2QUSP2T1W1mFjhoUb1wqUy4K4YHh5rBJOiPR/7gajvV9kiHXVjjn85Cax/Q+ZkVtX8tH7HJh7sNG5wbtvZKH8Ol7w=,com.mimoza.photolift,ios,Marketing,openx.net
i,TSoHe8bP1ZRY9eSlNcY++dsOo71izPqgB4+QBlIgfjCUjRKR+S2DCwVwXtsS+Je0KndpGQ83o80DUkYA79G5DqxZo+I=,com.yandex.browser,android,Marketing,openx.net
i,uEhKeo1GlxPp2pX+snpsx40WBIhePyikR30M2riphjnyoiS+ddgBz62zKgcl6R+CeDJtbcAn/1Q/iVViH1t0OC1At/I=,com.muslim.assist,ios,Marketing,openx.net
_uetsid,43bd9d10c4c111eca241411e2351186a,evismedia.lebensmittel_sonderpostende,android,Marketing,Microsoft
_uetsid,627af290b5a911ecb757732605cff123,com.greenvest.neobet,ios,Marketing,Microsoft
_uetsid,9d3679e0b57d11ec85befd7e48802114,com.greenvest.neobet,android,Marketing,Microsoft
_uetsid,e605eaa0b27811eca4f53714e61845c6,doordash.DoorDashConsumer,ios,Marketing,Microsoft
_uetvid,43bdf6e0c4c111ecbd25eb4a21d4a107,evismedia.lebensmittel_sonderpostende,android,Marketing,Microsoft
_uetvid,627afc40b5a911ec88db893e269636b8,com.greenvest.neobet,ios,Marketing,Microsoft
_uetvid,9d36cc10b57d11ec83791954c63d2b40,com.greenvest.neobet,android,Marketing,Microsoft
_uetvid,e6060820b27811ecb1bdb54321ef53a5,doordash.DoorDashConsumer,ios,Marketing,Microsoft
CMPS,5187,com.greenvest.neobet,android,Marketing,Casale Media
CMPS,5191,com.motorsportmagazin,android,Marketing,Casale Media
tuuid,3f456add-d5b2-4716-81fb-65652c5f7d1f,com.greenvest.neobet,android,Marketing,Platform161
tuuid,a55a81a7-981e-4c9a-80a0-b9ebb075a939,com.motorsportmagazin,android,Marketing,Platform161
tuuid,b1086481-a724-4d85-a961-7b8687dd8702,com.greenvest.neobet,android,Marketing,Platform161
tuuid,b723afac-6fea-4bdd-a61b-f66884193d1e,com.motorsportmagazin,android,Marketing,Platform161
tuuid,c952811c-fce3-525d-895d-0bc8eb15da1e,com.motorsportmagazin,android,Marketing,Platform161
tuuid,d354c24b-9149-4c90-b243-b4f67d873a60,com.greenvest.neobet,android,Marketing,Platform161
tuuid_lu,1648939481,com.motorsportmagazin,android,Marketing,bidswitch.net
tuuid_lu,1648939482,com.motorsportmagazin,android,Marketing,bidswitch.net
tuuid_lu,1649231167,com.greenvest.neobet,android,Marketing,bidswitch.net
tuuid_lu,1649231168,com.greenvest.neobet,android,Marketing,bidswitch.net
tuuid_lu,1649231169,com.greenvest.neobet,android,Marketing,bidswitch.net
MUID,03F99123130C6C4A332D80B312DE6DB4,com.microsoft.msedge,ios,Marketing,Microsoft
MUID,1F00A68C6B166B3C22B2B7F26A7D6A58,com.greenvest.neobet,android,Marketing,Microsoft
MUID,387187C2D8416D1734A09652D9936CF6,com.microsoft.msedge,ios,Marketing,Microsoft
MC1,GUID=9fa8cc28fe274d199fbc668c613e9728,com.expedia.bookings,android,Marketing,Microsoft
MC1,GUID=fc24242544124f208ff15ddb8e02cf56,com.expedia.booking,ios,Marketing,Microsoft
dpm,34373079556147294712325758697589361813,com.greenvest.neobet,android,Marketing,demdex.net
dpm,39539352017897559004135855554440358653,de.zeit.online,android,Marketing,demdex.net
CMST,Yk1FP2JNRT8A,com.greenvest.neobet,android,Marketing,Casale Media
CMST,YkjR2GJI0dgA,com.motorsportmagazin,android,Marketing,Casale Media
CMST,YkjR2GJI0dkA,com.motorsportmagazin,android,Marketing,Casale Media
CMST,YkjR2GJI0doA,com.motorsportmagazin,android,Marketing,Casale Media
BCSessionID,a9413911-3e12-41af-aefa-ec5a13dcad0d,com.uefa.ucl,android,Marketing,Blueconic.com
BCSessionID,ce648074-fa8a-4503-aaab-03f10ff3914a,com.uefa.uel,android,Marketing,Blueconic.com
__gads,ID=554d7edead3ca147:T=1650850692:S=ALNI_MbPlymzIiYQ2wj62AdGI1Y6MjtXqQ,de.tagesspiegel.epaper.android.uni,android,Marketing,Google
__gads,ID=5ea395d114cb397b:T=1650864736:S=ALNI_MYu7TdN46YN14OAiv_VTmtTeEUyDg,de.zeit.online,android,Marketing,Google
everest_g_v2,g_surferid~Yk1FQQAGX7zHaQA-,com.greenvest.neobet,android,Marketing,Everest Technologies
everest_g_v2,g_surferid~YmYyYAAAAI3gSAP0,de.zeit.online,android,Marketing,Everest Technologies
mbox,session#02f92aec3c4e4ef5ba8643af8d595e20#1650852405,com.actowise.browser,ios,Marketing,Adobe
mbox,session#02f92aec3c4e4ef5ba8643af8d595e20#1650852405|PC#02f92aec3c4e4ef5ba8643af8d595e20.37_0#1650852348,com.actowise.browser,ios,Marketing,Adobe
mbox,session#c2e0ac1caabb41928faffd6840342119#1649529263,sports.bwin.de2,ios,Marketing,Adobe
mbox,session#c2e0ac1caabb41928faffd6840342119#1649529263|PC#c2e0ac1caabb41928faffd6840342119.37_0#1712772207,sports.bwin.de2,ios,Marketing,Adobe
rlas3,3NRGhDiFx42f7bZibIGghuW5lskVG0XbykTb1M20et0=,de.zeit.online,android,Marketing,Rapleaf
rlas3,Zjm8Fbur0L0Te6nOOEU68i1j1B4ktgblPhh77UxK5jE=,com.greenvest.neobet,android,Marketing,Rapleaf
CMID,Yk1FP2MKpmaD726iy7KYewAA,com.greenvest.neobet,android,Marketing,Casale Media
CMID,YkjR2BvNGy60bdsr1ibkmwAA,com.motorsportmagazin,android,Marketing,Casale Media
CMPRO,1132,com.motorsportmagazin,android,Marketing,Casale Media
CMPRO,1146,com.greenvest.neobet,android,Marketing,Casale Media